{
  "literature": [
    {
      "title": "Tailored Gamification",
      "author": "Ricker",
      "paperType": "Pearson Correlation",
      "resultType": "Coefficient",
      "bestValue": 1,
      "minValue": -1,
      "maxValue": 1,
      "result": {
        "Altruism": {
          "agreeableness": 0.0974374006765628,
          "conscientiousness": 0.0045846656898321,
          "extraversion": 0.0712562335811093,
          "neuroticism": -0.0183729442026389,
          "openness": 0.12983977199927
        },
        "Challenge": {
          "agreeableness": 0.0234365684159732,
          "conscientiousness": 0.0484276949501585,
          "extraversion": -0.002345049060201,
          "neuroticism": -0.07105425567437,
          "openness": 0.0609282259657321
        },
        "Incentive": {
          "agreeableness": 0.027996971305036,
          "conscientiousness": 0.105814899120387,
          "extraversion": -0.0257098703889904,
          "neuroticism": -0.0570925853658535,
          "openness": 0.0390453525405432
        },
        "Competition": {
          "agreeableness": -0.0427420874589946,
          "conscientiousness": -0.0130357650881719,
          "extraversion": 0.0485696723912387,
          "neuroticism": -0.0890788116396138,
          "openness": -0.116101866421793
        },
        "Customization": {
          "agreeableness": 0.0288322679791017,
          "conscientiousness": 0.0398521087723426,
          "extraversion": 0.0293869899321161,
          "neuroticism": 0.126118877635789,
          "openness": 0.239661347157834
        },
        "TimePressure": {
          "agreeableness": 0.0179161745558848,
          "conscientiousness": 0.154232012243829,
          "extraversion": 0.0253481872916023,
          "neuroticism": -0.0457221496128812,
          "openness": -0.0313595595628186
        },
        "Progression": {
          "agreeableness": 0.0997807563012531,
          "conscientiousness": 0.0605649297756837,
          "extraversion": -0.0316086080997308,
          "neuroticism": 0.0287440641607788,
          "openness": 0.0286051001810839
        },
        "Feedback": {
          "agreeableness": 0.103215528271928,
          "conscientiousness": 0.140273894557553,
          "extraversion": -0.0357449275682514,
          "neuroticism": -0.0160030723602577,
          "openness": 0.0630643964822235
        },
        "VirtualEconomy": {
          "agreeableness": -0.0066706698385021,
          "conscientiousness": 0.0532742852563257,
          "extraversion": 0.177687843734863,
          "neuroticism": -0.0041923408249498,
          "openness": 0.0788393501915572
        },
        "Guild": {
          "agreeableness": 0.198605828019087,
          "conscientiousness": 0.0201883511991193,
          "extraversion": 0.145909333979121,
          "neuroticism": 0.0103698156520441,
          "openness": -0.0091658004990438
        },
        "Assistance": {
          "agreeableness": -0.0044442033138231,
          "conscientiousness": 0.180807944267754,
          "extraversion": 0.114936030339955,
          "neuroticism": 0.0027374303356772,
          "openness": 0.0666051955451902
        },
        "Chance": {
          "agreeableness": -0.0204771208650664,
          "conscientiousness": 0.0846397680312839,
          "extraversion": 0.198283358974883,
          "neuroticism": -0.0110371755440056,
          "openness": 0.0319095254218877
        },
        "Immersion": {
          "agreeableness": 0.0780251268280558,
          "conscientiousness": 0.0226304638847479,
          "extraversion": 0.0166791447860142,
          "neuroticism": 0.03655851757301,
          "openness": 0.159520937126446
        }
      }
    },
    {
      "title": "Tailored Gamification2",
      "author": "Ricker",
      "paperType": "Spearman Correlation",
      "resultType": "Coefficient",
      "bestValue": 1,
      "minValue": -1,
      "maxValue": 1,
      "result": {
        "Altruism": {
          "agreeableness": 0.0961780830489682
        },
        "Challenge": {
          "agreeableness": 0.0254842553322651
        },
        "Incentive": {
          "agreeableness": 0.0323230210152663
        },
        "Competition": {
          "agreeableness": -0.028671074146478
        },
        "Customization": {
          "agreeableness": 0.01962221955811
        },
        "TimePressure": {
          "agreeableness": 0.012833773148515
        },
        "Progression": {
          "agreeableness": 0.0883315477989729
        },
        "Feedback": {
          "agreeableness": 0.097284723363072
        },
        "VirtualEconomy": {
          "agreeableness": -0.0143827671805034
        },
        "Guild": {
          "agreeableness": 0.182688822443238
        },
        "Assistance": {
          "agreeableness": -0.0079468302568774
        },
        "Chance": {
          "agreeableness": -0.0434854717901953
        },
        "Immersion": {
          "agreeableness": 0.0659634782285324
        }
      }
    },
    {
      "title": "Tailored Gamification3",
      "author": "Ricker",
      "paperType": "Spearman Correlation",
      "resultType": "Coefficient",
      "bestValue": 1,
      "minValue": -1,
      "maxValue": 1,
      "result": {
        "Altruism": {
          "conscientiousness": 0.004698464957936
        },
        "Challenge": {
          "conscientiousness": 0.0484161537436169
        },
        "Incentive": {
          "conscientiousness": 0.0908445536625457
        },
        "Competition": {
          "conscientiousness": -0.0331633841135103
        },
        "Customization": {
          "conscientiousness": 0.0292679263378657
        },
        "TimePressure": {
          "conscientiousness": 0.143775947002745
        },
        "Progression": {
          "conscientiousness": 0.0499420006226786
        },
        "Feedback": {
          "conscientiousness": 0.140607711730725
        },
        "VirtualEconomy": {
          "conscientiousness": 0.0425068905240533
        },
        "Guild": {
          "conscientiousness": 0.0296341900298262
        },
        "Assistance": {
          "conscientiousness": 0.171595007159064
        },
        "Chance": {
          "conscientiousness": 0.0698047965437635
        },
        "Immersion": {
          "conscientiousness": 0.0191579969405607
        }
      }
    },
    {
      "title": "Tailored Gamification4",
      "author": "Ricker",
      "paperType": "Spearman Correlation",
      "resultType": "Coefficient",
      "bestValue": 1,
      "minValue": -1,
      "maxValue": 1,
      "result": {
        "Altruism": {
          "extraversion": 0.0779155905083796
        },
        "Challenge": {
          "extraversion": 0.0152783599511791
        },
        "Incentive": {
          "extraversion": -0.0061370074151208
        },
        "Competition": {
          "extraversion": 0.0474785156919364
        },
        "Customization": {
          "extraversion": 0.0279397816737384
        },
        "TimePressure": {
          "extraversion": 0.025836521779105
        },
        "Progression": {
          "extraversion": -0.0283122931008966
        },
        "Feedback": {
          "extraversion": -0.0322483181846226
        },
        "VirtualEconomy": {
          "extraversion": 0.145826850885285
        },
        "Guild": {
          "extraversion": 0.140416641272528
        },
        "Assistance": {
          "extraversion": 0.109473190203986
        },
        "Chance": {
          "extraversion": 0.177991762367368
        },
        "Immersion": {
          "extraversion": 0.0079419382709639
        }
      }
    },
    {
      "title": "Tailored Gamification5",
      "author": "Ricker",
      "paperType": "Spearman Correlation",
      "resultType": "Coefficient",
      "bestValue": 1,
      "minValue": -1,
      "maxValue": 1,
      "result": {
        "Altruism": {
          "neuroticism": -0.0185290773782407
        },