{
  "literature": [
    {
      "title": "TailoredGamification",
      "author": "Ricker",
      "paperType": "Spearman Correlation",
      "resultType": "Coefficient",
      "bestValue": 1,
      "minValue": -1,
      "maxValue": 1,
      "result": {
        "Altruism": {
          "achiever": 0.0100964836558691,
          "disruptor": 0.0064944818673846,
          "freeSpirit": 0.200160600604213,
          "philanthropist": 0.238849680587061,
          "player": 0.0468830519095091,
          "socializer": 0.131213548767662
        },
        "Challenge": {
          "achiever": 0.288017601906784,
          "disruptor": -0.0584769423647198,
          "freeSpirit": 0.123004974077493,
          "philanthropist": 0.0968257383877701,
          "player": 0.0260349404049306,
          "socializer": 0.0845850401681193
        },
        "Incentive": {
          "achiever": 0.0398419663408985,
          "disruptor": -0.0626307094428119,
          "freeSpirit": 0.123443864624002,
          "philanthropist": 0.137860877631216,
          "player": 0.349650828619502,
          "socializer": 0.0876123660288358
        },
        "Competition": {
          "achiever": 0.220185170963575,
          "disruptor": 0.0376415904212383,
          "freeSpirit": 0.0342900761738034,
          "philanthropist": 0.0690394281706988,
          "player": 0.14017428001071,
          "socializer": 0.154689521757727
        },
        "Customization": {
          "achiever": -0.0430003591381559,
          "disruptor": 0.031299772518391,
          "freeSpirit": 0.13738927661264,
          "philanthropist": 0.0833193569467825,
          "player": 0.14532329563321,
          "socializer": 0.0678363828753126
        },
        "TimePressure": {
          "achiever": 0.0827081639477872,
          "disruptor": -0.0113476718083203,
          "freeSpirit": 0.0685574269942114,
          "philanthropist": -0.0266144115101092,
          "player": 0.0203241527630759,
          "socializer": 0.0793735907540746
        },
        "Progression": {
          "achiever": 0.160623948638784,
          "disruptor": -0.0622495203234,
          "freeSpirit": 0.0453418535563132,
          "philanthropist": 0.101715857489241,
          "player": 0.105476263372649,
          "socializer": 0.0684329006638348
        },
        "Feedback": {
          "achiever": 0.0388217802556251,
          "disruptor": 0.0042299987096649,
          "freeSpirit": 0.048926286160669,
          "philanthropist": 0.161305942764848,
          "player": 0.015409796099967,
          "socializer": 0.0972774998506035
        },
        "VirtualEconomy": {
          "achiever": 0.0529379578698114,
          "disruptor": 0.0693258960852214,
          "freeSpirit": 0.172520753590539,
          "philanthropist": 0.0453415511831126,
          "player": 0.179481050034985,
          "socializer": 0.0747924596382364
        },
        "Guild": {
          "achiever": 0.0095151055646258,
          "disruptor": 0.0488442867769963,
          "freeSpirit": 0.0957338386392001,
          "philanthropist": 0.152287052550144,
          "player": 0.0619498009478266,
          "socializer": 0.276702573427269
        },
        "Assistance": {
          "achiever": -0.0978783461857548,
          "disruptor": 0.0257545552143179,
          "freeSpirit": 0.0829750407916773,
          "philanthropist": 0.126439327426506,
          "player": 0.0842320578697514,
          "socializer": 0.0629208108250894
        },
        "Chance": {
          "achiever": -0.0339587967743653,
          "disruptor": 0.0282974110319424,
          "freeSpirit": 0.09253253701718,
          "philanthropist": 0.133964185719584,
          "player": 0.233671547850481,
          "socializer": 0.131027368854159
        },
        "Immersion": {
          "achiever": -0.0376766612815334,
          "disruptor": -0.0101223041759611,
          "freeSpirit": 0.100208358647316,
          "philanthropist": 0.0734436976001689,
          "player": 0.0305985497526395,
          "socializer": -0.018577199730798
        }
      }
    },
    {
      "title": "TailoredGamification1",
      "author": "Ricker",
      "paperType": "Pearson Correlation",
      "resultType": "Coefficient",
      "bestValue": 1,
      "minValue": -1,
      "maxValue": 1,
      "result": {
        "Altruism": {
          "achiever": 0.0235386092710063,
          "disruptor": 0.0265114707026944,
          "freeSpirit": 0.211299654361178,
          "philanthropist": 0.209130563715586,
          "player": 0.0624226075435479,
          "socializer": 0.127556210408737
        },
        "Challenge": {
          "achiever": 0.302532442564862,
          "disruptor": -0.0632077677861267,
          "freeSpirit": 0.0900692258188389,
          "philanthropist": 0.126285120739778,
          "player": 0.02067168230692,
          "socializer": 0.102246605865077
        },
        "Incentive": {
          "achiever": 0.0514837544056801,
          "disruptor": -0.0552681173928453,
          "freeSpirit": 0.101240350424916,
          "philanthropist": 0.108717517913298,
          "player": 0.313818102345145,
          "socializer": 0.0693330665862931
        },
        "Competition": {
          "achiever": 0.201902609726573,
          "disruptor": 0.0444546214282715,
          "freeSpirit": 0.0320095125014764,
          "philanthropist": 0.0430651701286336,
          "player": 0.145077783219505,
          "socializer": 0.137493354947755
        },
        "Customization": {
          "achiever": -0.0524359155539892,
          "disruptor": 0.0239127925036465,
          "freeSpirit": 0.0942620015562407,
          "philanthropist": 0.0457249711714966,
          "player": 0.0947557733152746,
          "socializer": 0.0309974072838909
        },
        "TimePressure": {
          "achiever": 0.0964361756675283,
          "disruptor": -0.0174542477290767,
          "freeSpirit": 0.0649917311223011,
          "philanthropist": 0.0149673327734659,
          "player": 0.0349793700146109,
          "socializer": 0.100455756268435
        },
        "Progression": {
          "achiever": 0.202021876477985,
          "disruptor": -0.0779800053174063,
          "freeSpirit": 0.0357770167058985,
          "philanthropist": 0.100510349955477,
          "player": 0.0930486734881381,
          "socializer": 0.0647826966515648
        },
        "Feedback": {
          "achiever": 0.0196845861457705,
          "disruptor": -0.0036628038529051,
          "freeSpirit": 0.0346079442828223,
          "philanthropist": 0.166129418672051,
          "player": 0.0189589409193117,
          "socializer": 0.108703727397997
        },
        "VirtualEconomy": {
          "achiever": 0.0258985354021518,
          "disruptor": 0.0489967239199454,
          "freeSpirit": 0.128106410688192,
          "philanthropist": 0.0226850507052096,
          "player": 0.13896911375288,
          "socializer": 0.0542811365242235
        },
        "Guild": {
          "achiever": 0.0076263586822798,
          "disruptor": 0.0548583127076647,
          "freeSpirit": 0.0926040940288982,
          "philanthropist": 0.161427660227535,
          "player": 0.0681521196005251,
          "socializer": 0.290054687520174
        },
        "Assistance": {
          "achiever": -0.0891457632036395,
          "disruptor": 0.0096664670233161,
          "freeSpirit": 0.0581438767972679,
          "philanthropist": 0.137937387557264,
          "player": 0.0925947873493318,
          "socializer": 0.0714534441187512
        },
        "Chance": {
          "achiever": -0.0636888878812408,
          "disruptor": 0.0122490366095179,
          "freeSpirit": 0.0520080768528283,
          "philanthropist": 0.090606204354604,
          "player": 0.209346892836705,
          "socializer": 0.0861261656520296
        },
        "Immersion": {
          "achiever": -0.0291714734332364,
          "disruptor": -0.0043538353218332,
          "freeSpirit": 0.0722452970502006,